id,jobid,firstname,lastname,city,custphone
1,1000,Josephine,Gamble,Coquimbo,1-882-723-9335
2,1001,Olympia,Case,Pasir Ris,(736) 538-8441
3,1002,Colby,Baxter,Launceston,1-832-738-6265
4,1003,Ulysses,Brewer,Fumal,1-683-457-1444
5,1004,Chancellor,Hudson,Banda Aceh,(766) 366-1333
6,1005,Jelani,Steele,Tomsk,(568) 724-8126
7,1006,Lester,Watkins,Tomaszów Mazowiecki,(260) 473-5048
8,1007,Troy,Perez,Alto Hospicio,1-519-344-3698
9,1008,Christen,Graham,Appleby,1-226-468-4833
10,1009,Regina,Love,Ödemiş,1-386-852-8259
11,1010,Imani,Camacho,Ceyhan,(720) 508-0373
12,1011,Brady,Gentry,Banjarbaru,(734) 816-1421
13,1012,Ina,Kennedy,Punitaqui,(785) 592-3142
14,1013,Rooney,Chase,Tibet,1-501-471-7449
15,1014,Isaiah,Mason,Fumal,(246) 453-8170
16,1015,Tad,Atkinson,Hillsboro,1-429-147-4104
17,1016,Vance,Espinoza,Sokoto,1-356-532-9589
18,1017,May,Paul,Sapele,(489) 206-3651
19,1018,Aline,Holloway,Huancayo,(542) 388-7444
20,1019,Omar,Sexton,Manukau,1-474-171-5564
21,1020,Brett,Brennan,York,1-461-659-6879
22,1021,Xyla,Caldwell,Tilburg,(737) 336-2071
23,1022,Chloe,Slater,Kemerovo,1-507-924-8390
24,1023,Cole,Mcmillan,Toowoomba,(114) 524-2623
25,1024,Holmes,Warner,Cork,(643) 336-7451
26,1025,Madeson,Mercado,Santa Rita,(433) 166-3227
27,1026,Hoyt,Johnston,Mthatha,(681) 977-2655
28,1027,Declan,Woods,Lillehammer,1-872-936-6423
29,1028,Martha,Combs,Dublin,(256) 327-8642
30,1029,Ross,Mcfarland,Nanaimo,1-176-462-1461
31,1030,Clayton,Richardson,Delitzsch,1-475-495-1343
32,1031,Cameron,Moreno,Palmerston,(435) 226-6205
33,1032,Mikayla,Burris,Bonnyrigg,1-757-685-1741
34,1033,Carly,Decker,Richmond,(806) 209-0642
35,1034,Clarke,Norris,Emines,(676) 899-9155
36,1035,Dale,Kaufman,Port Lincoln,(828) 370-6549
37,1036,Odysseus,Holmes,Quảng Ngãi,(503) 678-1986
38,1037,Kadeem,Bates,Tula,(225) 490-3342
39,1038,Xenos,Ball,Ereğli,(826) 382-5927
40,1039,Dahlia,Anthony,Hallein,(235) 325-2151
41,1040,Ahmed,Mooney,Rạch Giá,(635) 283-4088
42,1041,Ariana,Guzman,Hamburg,(234) 515-5231
43,1042,Dillon,Martin,Bagh,(546) 314-2881
44,1043,Megan,Herman,Jecheon,1-882-344-1781
45,1044,Kylynn,Emerson,Jayapura,1-353-634-6669
46,1045,Elijah,Ferrell,Volgograd,(153) 898-6813
47,1046,Yuli,Kidd,Bogotá,(354) 145-4343
48,1047,Briar,Rodgers,Lower Hutt,(893) 943-8578
49,1048,Bert,Waters,Hyères,1-671-470-5116
50,1049,Steel,Dillard,Toledo,(638) 216-2243
